blockHeight,epoch,date,direction,amount,atomicAmount,fee,txid,label,subaddrAccount,paymentId,description
3263084,1729417163,2024-10-20 05:39:23,in,0.000275289315,275289315,,59107514555b909adf1c9081cd161ac9d902c010a078256076df7e43b3fa91cc,"Primary account",0,,""
3262824,1729386686,2024-10-19 21:11:26,in,0.001129970630,1129970630,,4af24092a0c7d8cacb0a0407a165e32911dcfdaf8feacf6d2c8f810c0ea0a088,"Primary account",0,,""
3262532,1729348964,2024-10-19 10:42:44,in,0.000269242171,269242171,,9ba700f4f822043bd4b10d60c232f6fdd71d80beba40c68dd853f5d358cdadf7,"Primary account",0,,""
3262505,1729345969,2024-10-19 09:52:49,in,0.000266985985,266985985,,282bde13c64a377910d864e4f767ea8806f40dd040d14ca8f4372c5a3e9498a6,"Primary account",0,,""
3262391,1729332626,2024-10-19 06:10:26,in,0.000545025418,545025418,,8a5b3e2fa0148ec2dd5bc30478d1704149239b363af24b1ecaf68069b2f4db1f,"Primary account",0,,""
3262162,1729302962,2024-10-18 21:56:02,in,0.000275017188,275017188,,6bda29dc53324733ed155efa765651cde8b5e0f8c5fe849654a69b916daa395b,"Primary account",0,,""
3261848,1729263518,2024-10-18 10:58:38,in,0.000540351564,540351564,,110c60132293a4012cfb601265991660b6b6eb509681c9065ace2b23448d27a2,"Primary account",0,,""
3261501,1729224645,2024-10-18 00:10:45,in,0.000271964164,271964164,,bfd5f07cd36de12d64d31fc19d2994fc9b3bd03da37747968232385335778e9d,"Primary account",0,,""
3258274,1728834303,2024-10-13 11:45:03,in,0.000273446481,273446481,,8cda60f70c1972ff69ee3312e5942e49235051298ca5a7721f671dc77e19e454,"Primary account",0,,""
3256360,1728603994,2024-10-10 19:46:34,in,0.000813681039,813681039,,054c05c93e8e84752e04bd3227f33be42ad927f6dea76fe47a4abaa4eec5813f,"Primary account",0,,""
3256115,1728576336,2024-10-10 12:05:36,in,0.000544337627,544337627,,d4a6068922907641188c2f66097ca4702a8e68bd1de1e30772f362b8781370c4,"Primary account",0,,""
3256068,1728570999,2024-10-10 10:36:39,in,0.000264066219,264066219,,a801a62cf59ac0ebf280e35a54f1cd37e8cc3c1a19321b8483e40f1611c1a0e8,"Primary account",0,,""
3255285,1728475701,2024-10-09 08:08:21,in,0.000841406207,841406207,,1726f3ceb241cb065c0f9108c65e67ae248438c44548b11c9cd10e710754e826,"Primary account",0,,""
3254950,1728438904,2024-10-08 21:55:04,in,0.000799271708,799271708,,4b0c15b57e1ba294146a288d16353757f32b652fbb9e48965c709b6958613bd7,"Primary account",0,,""
3254736,1728413790,2024-10-08 14:56:30,in,0.000540244274,540244274,,67ceb309168b087134caf8a5b92c52a6881ed19dfd75b73e7eee17339912f653,"Primary account",0,,""
3254354,1728365724,2024-10-08 01:35:24,in,0.000265957159,265957159,,88c18cd450dab97e23b39e8c0ef88491ba76c232960fefd7185ff1bf870bf024,"Primary account",0,,""
3253768,1728295184,2024-10-07 05:59:44,in,0.000276729536,276729536,,622de5669aed06127fbce25902ff9f64e5a15d5631b615ade21e8266058bdff3,"Primary account",0,,""
3253300,1728236675,2024-10-06 13:44:35,in,0.000811848216,811848216,,664dec5e0d39b6a1598aade6f7e136cb8f3480b8ee0eb6dcf2d88a6f89aa5216,"Primary account",0,,""
3253202,1728226006,2024-10-06 10:46:46,in,0.000831519169,831519169,,d331e4d06951aac2d23baa083a9909c38e1ade12c00c756ff8c0aadb5b915c19,"Primary account",0,,""
3252374,1728129030,2024-10-05 07:50:30,in,0.000815819708,815819708,,8aaaccfb38a756f41f627a6315243e0d7cf5711916678fe7e5e7c25295652ba9,"Primary account",0,,""
3252324,1728123329,2024-10-05 06:15:29,in,0.000828758598,828758598,,bff767b99d0b210c6cd02386b3acb2903643088c86565b6b5ccdab06da552356,"Primary account",0,,""
3252319,1728122723,2024-10-05 06:05:23,in,0.000810752941,810752941,,43b9e5459ad45c07ffdfdfc543523719b4006893bc1f82513f91ec2cd156c1d3,"Primary account",0,,""
3251927,1728075618,2024-10-04 17:00:18,in,0.000264156559,264156559,,8676b799fda5cdfff3cef9e2e0a7341f38cd2dc5b70c912b06ceb4be355472a9,"Primary account",0,,""
3251917,1728074652,2024-10-04 16:44:12,in,0.000297433345,297433345,,246f77e35fe924abbeff903a0d25d2f641f39cf656548b6743c2d741f71816dd,"Primary account",0,,""
3251738,1728053815,2024-10-04 10:56:55,in,0.000533767183,533767183,,44eae68f8794dc478d2004fc1e9239d8b5fcad8931df8999a1c84b8fc26e1124,"Primary account",0,,""
3250998,1727964010,2024-10-03 10:00:10,in,0.000277671372,277671372,,d658cdaa474f2a261970af0fa7dbf1a0cf39c2e2694e57cb1047024f15d767fb,"Primary account",0,,""
3250746,1727934425,2024-10-03 01:47:05,in,0.000271815433,271815433,,a910dd72fea014da0327dbcf041dd8122184edf08e973fd948ec0aac3824e5de,"Primary account",0,,""
3250741,1727934302,2024-10-03 01:45:02,in,0.000289060540,289060540,,a3f7d385a2b8768dee2ba5e138a756219dfe6c97b4b7b514f5493a04ce01af81,"Primary account",0,,""
3250077,1727854368,2024-10-02 03:32:48,in,0.006020590697,6020590697,,1988ffc882de953cdc482b4bd8b7b6fede826720d94fe88aee125f25aec10df8,"Primary account",0,,""
3249831,1727825465,2024-10-01 19:31:05,in,0.001087942905,1087942905,,c272d1430f177701ebefee5222d1664ef16669a76089e181e8bb053f1b5a5aa5,"Primary account",0,,""
3249559,1727793291,2024-10-01 10:34:51,in,0.000542104520,542104520,,05be60ecab47241e16896b5058f88f74469ec1eb5b7106bc844a001ffdebcbe4,"Primary account",0,,""
3249558,1727793255,2024-10-01 10:34:15,in,0.000554773802,554773802,,85749ace2a16a42c5c2135e73c3afd7f420fc33ead5ada67584862303abb5829,"Primary account",0,,""
3249464,1727782261,2024-10-01 07:31:01,in,0.000269894150,269894150,,098ec1bff2e6288b78c78d0bd3cd71b9a1e0088300879b5c56e9c1147e6cf22e,"Primary account",0,,""
3249063,1727732419,2024-09-30 17:40:19,in,0.000795242196,795242196,,3928183e499e4df986f85aef698fc72f6855dacf8f79a03ca21a53aafa32b09f,"Primary account",0,,""
3247559,1727547979,2024-09-28 14:26:19,in,0.000275681044,275681044,,1e5dc081ee23e688463cbe5991b2f0ae30367e6f241034123dcc4523e26ccaba,"Primary account",0,,""
3247383,1727530103,2024-09-28 09:28:23,in,0.000277375070,277375070,,617cc62c555c094497fbfdcb9e68ac1576738d87a94a70a8afb6776407e3fc18,"Primary account",0,,""
3247269,1727518443,2024-09-28 06:14:03,in,0.000828262737,828262737,,ca5608efb7432ba4ae2662cf4bf6c46a5e044c3e6d20e17b3a37c470908c2461,"Primary account",0,,""
3246321,1727401843,2024-09-26 21:50:43,in,0.000542329103,542329103,,23479bd32125e75d580addc4b2d4507c37ec29979a68a763dc093e755e2d3f3d,"Primary account",0,,""
3246159,1727377992,2024-09-26 15:13:12,in,0.000277719778,277719778,,ef7784926bbdcd05064cf08f2ba93237c85a38ee1aaff7abd5fb93f7da3400db,"Primary account",0,,""
3246124,1727374242,2024-09-26 14:10:42,in,0.000273115772,273115772,,39357e739cef0884a47a04b87f93cc20cd5ecf7cd87e47daad0a749c654d1fbd,"Primary account",0,,""
3246084,1727367371,2024-09-26 12:16:11,in,0.000274637741,274637741,,22fc335f1327fdf58b801e80f7ae9cff70111aa81890b6dd5f068854c85749c6,"Primary account",0,,""
3246016,1727360649,2024-09-26 10:24:09,in,0.000304874064,304874064,,c57c4457113663fbaba8f8ddc3c27d696eb5a67d010078b1c22d3f6011aaf891,"Primary account",0,,""
3244834,1727226143,2024-09-24 21:02:23,in,0.000273862518,273862518,,8be5ed53c56aa075630795637a053bb988c2e5c49aaa6248939f5d845825c93d,"Primary account",0,,""
3244763,1727216937,2024-09-24 18:28:57,in,0.000277691489,277691489,,32b16dfb01d7ca30d8802deb73c028780126178a74c3e550d87df38e170c63e4,"Primary account",0,,""
3244457,1727174744,2024-09-24 06:45:44,in,0.000805389781,805389781,,7225a77b2c9ed6f2ad7dde544a5d5cfdbb7e37fbefabd3003dd6f50b280b087f,"Primary account",0,,""
3244380,1727166325,2024-09-24 04:25:25,in,0.000266987204,266987204,,ac140fe5af1cbe60d5c0a510d1679d867fdb6a5e0acaa75c91d33b7bb93aa0bc,"Primary account",0,,""
3243594,1727072926,2024-09-23 02:28:46,in,0.000270017589,270017589,,88da5eb8b8e8e434b380d77fcb87277ca9a5d35509d2d9c716a42d6f3b473ca1,"Primary account",0,,""
3243354,1727044073,2024-09-22 18:27:53,in,0.000263202498,263202498,,71a034ea3777f188eac7b2b8f211588b55efd84d1deeb480b21f5df26d89a6ce,"Primary account",0,,""
3243279,1727035395,2024-09-22 16:03:15,in,0.000536931001,536931001,,6f430c186cda956eca5932153f81e12c66980be10680925914ae2a31c77f0067,"Primary account",0,,""
3243123,1727016299,2024-09-22 10:44:59,in,0.000522761356,522761356,,e34f3324a0b775ef31276e8febbfe033ecf818846a9bcdbbc502ee151203eb08,"Primary account",0,,""
3243063,1727007802,2024-09-22 08:23:22,in,0.000539288331,539288331,,bdaa2a85e38c7ec4d22b74d1ed63f709e9f08a9975ca9c4639c7f103545219d3,"Primary account",0,,""
3241734,1726850790,2024-09-20 12:46:30,in,0.000273975015,273975015,,2e60646fc7feb8ae599a2cd1a4684aaf4a9361e3596734465b1e52705c0f2ee7,"Primary account",0,,""
3241700,1726847274,2024-09-20 11:47:54,in,0.000287935292,287935292,,a46194091e768e515ad859b9cd32eb84877174ca4003af61d16efb017d21c175,"Primary account",0,,""
3240741,1726731489,2024-09-19 03:38:09,in,0.000560480007,560480007,,ec3ca963a23cb8e52de659e4d52f7ca6f4fbdaf58f69cb63d03c93e8fed626ca,"Primary account",0,,""
3240651,1726722649,2024-09-19 01:10:49,in,0.000275436299,275436299,,541d5e70481542289ad592b3ed846498885a99ee3962327172fe3f53210d7100,"Primary account",0,,""
3237100,1726294152,2024-09-14 02:09:12,in,0.000270414694,270414694,,96f84727359b6abf35db54f59c5f1682b71c0eb0473eea78d693584b39fdbb5d,"Primary account",0,,""
3237029,1726286506,2024-09-14 00:01:46,in,0.000273229660,273229660,,adbfcdb09ab654d35bafbcf80332d9021c42625380b4e6861331333fbcb1c3bf,"Primary account",0,,""
3236052,1726168779,2024-09-12 15:19:39,in,0.000270374800,270374800,,4088ce40d93704b77848cbae6b3341d3a56c8ad1035acc420eccb8ee0bcfe950,"Primary account",0,,""
3235934,1726156207,2024-09-12 11:50:07,in,0.000567035648,567035648,,83d63ecb95522e6c299dc756903d8c350f4825d5502a847a69fcc8d71188f393,"Primary account",0,,""
3235520,1726107079,2024-09-11 22:11:19,in,0.000274154779,274154779,,46bc1189104069ec34dc38c637ea2feffaf3822f81a3411e538acc0c4885e7da,"Primary account",0,,""
3235473,1726101558,2024-09-11 20:39:18,in,0.000279341011,279341011,,b0950eca84968b065e19f5695a8497d0a543c8926880cabf632767dee1edec62,"Primary account",0,,""
3235413,1726093592,2024-09-11 18:26:32,in,0.000287019245,287019245,,27f3656898befa36494c6b2d10ef4a3d593ae1ba95bae59b3a46f3f49eb4d2cd,"Primary account",0,,""
3235292,1726077694,2024-09-11 14:01:34,in,0.000264777305,264777305,,eb90167c450322f4b83dd388ed79a60833464073ec08792e2841c17cc6b7df6f,"Primary account",0,,""
3235279,1726076752,2024-09-11 13:45:52,in,0.000267270657,267270657,,3c1979687133fffab65136f5962e4dcd6c0e2c8b1028ae2dc689735ccd5587e6,"Primary account",0,,""
3235247,1726074576,2024-09-11 13:09:36,in,0.000267701900,267701900,,99299613c0a6a8c7b305e59108623b8333195397167b6deb5694790c75e3b93a,"Primary account",0,,""
3234703,1726008706,2024-09-10 18:51:46,in,0.000217666285,217666285,,40fe031d6ff559e97ecfdef5a08bc336e2145d859016c3eee10635652f7f2cc2,"Primary account",0,,""
3234486,1725979980,2024-09-10 10:53:00,in,0.000540947140,540947140,,938620f57e5e1c445d06fb24e698040fedb32ac803f3fdd7413cf6e1a74b960a,"Primary account",0,,""
3233981,1725922513,2024-09-09 18:55:13,in,0.000269841261,269841261,,d59221d28b643f06653174ba0ef742b618c99e0e33630d4a6a3681ed72ff054e,"Primary account",0,,""
3233702,1725887479,2024-09-09 09:11:19,in,0.000275617362,275617362,,84b024f2e1e855f025b70947ade8453ba4f9d997dd12c0cbc283751eec832c48,"Primary account",0,,""
3233312,1725840626,2024-09-08 20:10:26,in,0.000267793249,267793249,,bbccb0aadfdfe7e9d1d848107f78b530b90ac3d59d8aa0b8a5fc6bbafedd33c8,"Primary account",0,,""
3232875,1725787015,2024-09-08 05:16:55,in,0.000537077806,537077806,,1e2b8bdde054921154e09554686a017f386a15fff621b3835a9d8f94de218887,"Primary account",0,,""
3231101,1725569727,2024-09-05 16:55:27,in,0.000262407021,262407021,,4132d4bb7108b0980c557dab32170cb94f9b16a9318add0692f45f5d5dcdf480,"Primary account",0,,""
3230739,1725532630,2024-09-05 06:37:10,in,0.000819348151,819348151,,0e1b1fbc223f28573e67d0af2217f770cb2d7d9665604c2ea8c7c1125a5dbe4a,"Primary account",0,,""
3230241,1725473691,2024-09-04 14:14:51,in,0.000858269314,858269314,,f2298d3f4ce489d8c9d932d69eb3f91d602a0ef966c2f7c0ee3a4ac8002796de,"Primary account",0,,""
3229787,1725417892,2024-09-03 22:44:52,in,0.000271826420,271826420,,39aa3265ece61b45bdcf0afa35fe82d3fd7ca508889224bce0a011c4c712e37d,"Primary account",0,,""
3229590,1725392521,2024-09-03 15:42:01,in,0.000326173231,326173231,,d9e1ab49dfb6fc35883b8f731b59b2a9d72e8eb4bdf6ed3a71804051412af68f,"Primary account",0,,""
3228227,1725216073,2024-09-01 14:41:13,in,0.000270216683,270216683,,532df965d29775c16b67df2638304449e2073e97d7ee9b1fed5237f7c3c8805b,"Primary account",0,,""
3228114,1725205804,2024-09-01 11:50:04,in,0.000532129708,532129708,,336d304e5bcf01f5287860ad280a7030ac5f0ac9cee389572bed1368c9a28fa4,"Primary account",0,,""
3227903,1725188991,2024-09-01 07:09:51,in,0.000268209863,268209863,,da3f0353f6fc51da07e614a95701e4eaa32aa778ce347dfb4a1bc6c14f37f24a,"Primary account",0,,""
3227448,1725136146,2024-08-31 16:29:06,in,0.000565416569,565416569,,acc76f8543f06299c7cee2d1b79fc505f506f589820cf0187b675f8fb7cd7ab4,"Primary account",0,,""
3227199,1725106879,2024-08-31 08:21:19,in,0.000273440664,273440664,,72cf325d98f14526abcb64d1f1c4be58a3ddeee59cbe2d18daa0f1684e7f8e1e,"Primary account",0,,""
3226949,1725074076,2024-08-30 23:14:36,in,0.000611021541,611021541,,5b2b50f9a97c47f7a702d39ee038e1197cdbd3d05b0bb62c6eff064af6efb91f,"Primary account",0,,""
3226518,1725017411,2024-08-30 07:30:11,in,0.000535833272,535833272,,43eed186abcde44672ac4d3d6f8f603e7084229d31dd7e0567bbd57fad5e90ad,"Primary account",0,,""
3225116,1724863602,2024-08-28 12:46:42,in,0.000559157435,559157435,,9c83f21c1bc9d9eb7afb3c643e3cfeecbb7d905df3b1eb79ea77409793351885,"Primary account",0,,""
3225083,1724859885,2024-08-28 11:44:45,in,0.000574768711,574768711,,8aa7725fe96b394f99b9345f657f043834db308f3ace40f167d847e9f0438fd5,"Primary account",0,,""
3224728,1724805264,2024-08-27 20:34:24,in,0.000549167446,549167446,,daa70ac333b96d5c4ea651e22ea785b6c04ddf1babea00925021745b07e279dd,"Primary account",0,,""
3224078,1724730759,2024-08-26 23:52:39,in,0.000557936671,557936671,,c6782fae5310c0588066f078bfdf0ab3a5db2e989adf85d3109564bb88d2207d,"Primary account",0,,""
3222982,1724601656,2024-08-25 12:00:56,in,0.000540639527,540639527,,ea6436d68c96d97823fa19c6254b2dad6bb1a95525b1b3542dc6c12c7576b6a4,"Primary account",0,,""
3222929,1724596159,2024-08-25 10:29:19,in,0.000276560438,276560438,,03b605c92ae59de352640296d0eb5acda950621b7425a25a170c994f51579afe,"Primary account",0,,""
3222183,1724504247,2024-08-24 08:57:27,in,0.000300892921,300892921,,8b9638bf28ddf0f66b9573cb47af77c4a7b67851cfb91e19d56269a915f42b1e,"Primary account",0,,""
3221462,1724417819,2024-08-23 08:56:59,in,0.000537414128,537414128,,088fe69a9fd581a5641194267909c50132b91a9eb5769e7e00194c9d2ce5ea36,"Primary account",0,,""
3221391,1724410052,2024-08-23 06:47:32,in,0.000539610795,539610795,,a9c876caab5d36c589bf3f3e7b7e1b96ef9e545d8531a492e69eedc79f020ece,"Primary account",0,,""
3221387,1724409431,2024-08-23 06:37:11,in,0.000535619843,535619843,,eb91461844e80a2aa888e2ddb83f1c66842fc15ed28ef1c258a08495c7a1127c,"Primary account",0,,""
3221032,1724365707,2024-08-22 18:28:27,in,0.000543181691,543181691,,6e712094512702cbc6b2ae4da25e647b5d274aeaf8d84a6d7cd2c821ddf83cb1,"Primary account",0,,""
3220500,1724300973,2024-08-22 00:29:33,in,0.000552214061,552214061,,35f0439f3ab9e998067cc6a2ff457f611a8fa410336c7caadfc3c2e1c51c9f54,"Primary account",0,,""
3220343,1724283485,2024-08-21 19:38:05,in,0.000959821772,959821772,,d16fecd7b323b16dd2fcce6e4205f5da8b7f00db3c5faf46769ac910b2ed47c6,"Primary account",0,,""
3220235,1724269744,2024-08-21 15:49:04,in,0.000327945978,327945978,,5f0e59cb9a6eb99674deb03adff7cd9d43254c8499267e2bbda8e2e78b108d66,"Primary account",0,,""
3220065,1724249796,2024-08-21 10:16:36,in,0.000540964900,540964900,,144706db66aa3e85bee69a4790b909125c5206bf600192f6788554a693e045be,"Primary account",0,,""
3219821,1724223169,2024-08-21 02:52:49,in,0.001141817931,1141817931,,586d2d4aba124c7cedc5155ea945b1693f99ca6d31f72f5f198a7c6c49bb9462,"Primary account",0,,""
3219688,1724207874,2024-08-20 22:37:54,in,0.001090441018,1090441018,,d7fc3604ca03aee20d4703606b7ae2a8e6d5ffdc08d3deefe000bf116ed68678,"Primary account",0,,""
3219626,1724200577,2024-08-20 20:36:17,in,0.000542701015,542701015,,8a5741e681659afd242661d8ed6a8732443d0dca030a0d39521bfc38e1daa301,"Primary account",0,,""
3219357,1724166035,2024-08-20 11:00:35,in,0.000279455937,279455937,,4586351e5a9d64a04abc596c25ef450c724c0fb147b32601cd3cacf8bf4a67bc,"Primary account",0,,""
3219161,1724143501,2024-08-20 04:45:01,in,0.000264635925,264635925,,db704fc892e01d3b15f42ff26abee9753121330ed8115749a09031f2ea2ec6a3,"Primary account",0,,""
3218736,1724092512,2024-08-19 14:35:12,in,0.001119309374,1119309374,,453f650d98c243bd7306ca9e24813db01093e326c34c97828700ff6701519401,"Primary account",0,,""
3218711,1724089747,2024-08-19 13:49:07,in,0.000975875378,975875378,,2fe0fca5d3f8ea4c3e40e20a502ad93b5c817203b59258df8dce5dddeed6e3bc,"Primary account",0,,""
3218649,1724081300,2024-08-19 11:28:20,in,0.000542503574,542503574,,388cfb567a255d73ac2a31e7639caf4854d22b375e6954fa9d341a9d82fdd39f,"Primary account",0,,""
3218421,1724052701,2024-08-19 03:31:41,in,0.015397732936,15397732936,,f71a8627326656eeb954817dd74b293cca3aa75dcd3b7bda262dcc962378bdaa,"Primary account",0,,""
3217638,1723958096,2024-08-18 01:14:56,in,0.000538612872,538612872,,1d9c30b7da0510c25fd342de52524f16d73ca89a54191a5db524c91c8bb9e6e0,"Primary account",0,,""
3217612,1723955555,2024-08-18 00:32:35,in,0.000535462017,535462017,,7447192dd813b69c72467ddb362779a3c9805fa59039580e682f447909d5a2c4,"Primary account",0,,""
3217526,1723946036,2024-08-17 21:53:56,in,0.000271076342,271076342,,839639d97367ed8d167eb452a901a12ff2a0225bf1ca46a12c2f7b8b9e80471e,"Primary account",0,,""
3216744,1723848763,2024-08-16 18:52:43,in,0.000553137682,553137682,,5ff64a215d43083faf473c0daa62f28f8a5ad368c45015b0fb930935c2c249ad,"Primary account",0,,""
3216571,1723830521,2024-08-16 13:48:41,in,0.000534247655,534247655,,7bb2939af99c80ee09c06d41468bf45359ab5245b121f03b099ef68c7657397e,"Primary account",0,,""
3215650,1723720041,2024-08-15 07:07:21,in,0.000590116093,590116093,,6366d80ca3c7008f44bf5dd89faa6b446387552973f0b245bd069de8253bf464,"Primary account",0,,""
3215582,1723712957,2024-08-15 05:09:17,in,0.000811227105,811227105,,8c5633477c4f40d1a7cbffbd156b3596c0c60f3c3e8af29222780b930816ded9,"Primary account",0,,""
3215546,1723706936,2024-08-15 03:28:56,in,0.000829270805,829270805,,f09c4c9fb7c6362e96e6a5a276ccffc93c9fa0fb19325058a7feb443116d7732,"Primary account",0,,""
3215487,1723698381,2024-08-15 01:06:21,in,0.000593639631,593639631,,f00d535ee602cfb8d759b0ecf52402dc5a4166e1c843843916432614e6894f32,"Primary account",0,,""
3215469,1723694468,2024-08-15 00:01:08,in,0.000286852575,286852575,,fdccf40d9ea5b0f8f3c7579cc15a249af04497c61218381e331fac97901e787d,"Primary account",0,,""
3215457,1723692675,2024-08-14 23:31:15,in,0.000572761354,572761354,,b22f0b36b9a150fb69cf6236cc1c1b90023d681d3426c1086e76e6a19a91c79d,"Primary account",0,,""
3215069,1723650967,2024-08-14 11:56:07,in,0.001645301138,1645301138,,ecb2d85da12ae76bbc3d6c0f3dc2b44ae9efea4ce1db1e3ccec53a6113b63d54,"Primary account",0,,""
3214597,1723588157,2024-08-13 18:29:17,in,0.000265100587,265100587,,9ceaedf4c726fa9c8c610c6e82e05507b4d75c086a4c7cf8f01748126bf6c4ca,"Primary account",0,,""
3214554,1723582708,2024-08-13 16:58:28,in,0.000263099731,263099731,,a9e1b7358d965d4a7156b6d44f5ee17619e6c17443776bf1cf9186d692850dd5,"Primary account",0,,""
3214250,1723550155,2024-08-13 07:55:55,in,0.000278114915,278114915,,47e9ae2f5f893e823b1907d207d761f243cbf2cd9eb78326b7e68fc161235734,"Primary account",0,,""
3214143,1723536619,2024-08-13 04:10:19,in,0.000543567031,543567031,,3859d3c3cc96d0f657ded2ccc2c8e88ba52cb6d0fcd4cb83e9b1a6fa1f989fd1,"Primary account",0,,""
3213816,1723498531,2024-08-12 17:35:31,in,0.000276257103,276257103,,020787d0c21f9a8c73cd80fe01f947c094df59ff78fc8ecb71889c5cac8537b3,"Primary account",0,,""
3213132,1723419936,2024-08-11 19:45:36,in,0.000263007395,263007395,,a48a13720bca0b61e53a5f9cad903da93a020e96314775b0a2a9592ea3a3fb2b,"Primary account",0,,""
3212882,1723385716,2024-08-11 10:15:16,in,0.000269774154,269774154,,40ac6d0a3673dea4be3bc4fe8d61d7da959a4eabec0ba010597b4d236c93ef96,"Primary account",0,,""
3212859,1723383938,2024-08-11 09:45:38,in,0.000275650120,275650120,,db2c4d5bc3601426d91342ee6db609e2eb42560cc8624106799904922fa7d21c,"Primary account",0,,""
3212222,1723304111,2024-08-10 11:35:11,in,0.000292423763,292423763,,be878b370b17a9dc63f79a224833f57a7ed1711950aa52e635ffbc3d976bcb3c,"Primary account",0,,""
3212161,1723295341,2024-08-10 09:09:01,in,0.000540702404,540702404,,1c877790b213afbc1746982448281fb6787a90e5f83a1642843c1409afd74686,"Primary account",0,,""
3211997,1723277899,2024-08-10 04:18:19,in,0.000259409330,259409330,,8aa9e95e8ce2f4cbbc94a4a03feb080db9882bb25537182a234513e44bce15af,"Primary account",0,,""
3211861,1723264188,2024-08-10 00:29:48,in,0.000279320078,279320078,,de43650b828bfaa0ef33a7f746b067a71a702f13cf2e3d975875f34cd5b5a73f,"Primary account",0,,""
3211828,1723260414,2024-08-09 23:26:54,in,0.000277062568,277062568,,0c4e253fcf245cad3150c13b2b69289020e6cb7de4c673b14c18fb4227fdd9bc,"Primary account",0,,""
3211518,1723222610,2024-08-09 12:56:50,in,0.000284850609,284850609,,5e7f7996b024a6491454e3664364b792578231892f1edbe70376002e1aae6a0e,"Primary account",0,,""
3210454,1723096934,2024-08-08 02:02:14,in,0.000543234662,543234662,,b65ab5025c1f3ec8c9ebd55b4368672a4d36381479d8658e623a36a25b29d31d,"Primary account",0,,""
3209834,1723024122,2024-08-07 05:48:42,in,0.000270701147,270701147,,852ffc58d501c862ffcbe789b435025ddeee9f10c7dbc878c589d87a5c8883c5,"Primary account",0,,""
3208570,1722868841,2024-08-05 10:40:41,in,0.000263999810,263999810,,d4fc8388deff6c77049c99e744562ff1c154fc367cccde3df340bcff990fdfb9,"Primary account",0,,""
3208318,1722842054,2024-08-05 03:14:14,in,0.000282801097,282801097,,cd5eded02c3272d361bb5764fae48be5442da0736ff7cde1a111d3a9d416ea28,"Primary account",0,,""
3208261,1722836756,2024-08-05 01:45:56,in,0.000278973022,278973022,,6d33e3dfe7ea5d850975c9d8c22ebf84bef7cdf396ebbb7d227011a7199bf091,"Primary account",0,,""
3208074,1722810931,2024-08-04 18:35:31,in,0.000270715083,270715083,,bdffc7af03f8bb3b9e805296049fd08343fca24cbb96243b99518ca4f3566be8,"Primary account",0,,""
3207999,1722800841,2024-08-04 15:47:21,in,0.000570063659,570063659,,939748607bcd6c747fcb5f3e2760fa2baed777d9a31ecfa2eff006e6a3c02736,"Primary account",0,,""
3207950,1722793000,2024-08-04 13:36:40,in,0.000838975118,838975118,,bc9b6f10ee5dc3655363a159afb68a3df48a88820ce6d4fd59e5c3c42d88258d,"Primary account",0,,""
3207702,1722765183,2024-08-04 05:53:03,in,0.000821766277,821766277,,89a6934a148a61f75621196f6f0b281e9f49a67c3a179a8312cf1786af814075,"Primary account",0,,""
3207210,1722706269,2024-08-03 13:31:09,in,0.000549094295,549094295,,33976e9bc425096888dbd47485f3c05be9683ffc1ef930ea86b0b4a2bbf02240,"Primary account",0,,""
3207147,1722698384,2024-08-03 11:19:44,in,0.000884485458,884485458,,6a2828353868a2ec56882d176430cc1e1b2e017b1671c54b52e887704213f729,"Primary account",0,,""
3206696,1722650073,2024-08-02 21:54:33,in,0.000823180258,823180258,,8e2e0792d152ab3f759ea5faa515058760bdb454c9f5a075507b9f9ea5249069,"Primary account",0,,""
3206692,1722648942,2024-08-02 21:35:42,in,0.000819368436,819368436,,54896c681947a1785a57b552f852b3bbb8734a7062afc95e98d5ddb432b0b431,"Primary account",0,,""
3206669,1722645709,2024-08-02 20:41:49,in,0.000541086803,541086803,,add4355d9d7a71d1b9620dd5cdcdd745cebec31af44c9fc5e6d7f7694af8b660,"Primary account",0,,""
3206257,1722590502,2024-08-02 05:21:42,in,0.000542370442,542370442,,d6449900cf4974490d745165fc4b2e874b38cfd99b3da55a5c1d6e43ef73e1a7,"Primary account",0,,""
3206241,1722589130,2024-08-02 04:58:50,in,0.000541173032,541173032,,a38795d9ca807b9a1bba4593778808acce2e329bfd5109edcd3580e557dc9aae,"Primary account",0,,""
3205154,1722463118,2024-07-31 17:58:38,in,0.001177654014,1177654014,,4097c56d1fdc62e1190bbc39d4e6826644033aeab59d7fca10a4f1cefc111501,"Primary account",0,,""
3204480,1722383272,2024-07-30 19:47:52,in,0.000532462203,532462203,,bb7da711642f0401fdcf1fb32a154a883cf22441ef35231579ef194aa5d8c56e,"Primary account",0,,""
3204109,1722340931,2024-07-30 08:02:11,in,0.000276965889,276965889,,f0025c51831459ae88d841c52a2e6f9dec299298e74700a0d7947d52c45e4f6a,"Primary account",0,,""
3201533,1722028548,2024-07-26 17:15:48,in,0.000270521413,270521413,,da90e017a17e8854bc3fc164a3eb6ede7c7370368fbbe1a23c4f343fbe1d01e7,"Primary account",0,,""
3200863,1721948351,2024-07-25 18:59:11,in,0.000811217300,811217300,,e501008d2d876e863fcc1fbab4cb6bd7c704ac7ce922143ee4d33ba504a010e0,"Primary account",0,,""
3200793,1721938171,2024-07-25 16:09:31,in,0.000545783749,545783749,,ce6a38290ecd80463cf908720c4ed55146512174cd6a93b28c1a20e067658854,"Primary account",0,,""
3200477,1721901708,2024-07-25 06:01:48,in,0.000546754599,546754599,,56e350a1cf767d6da36d3f07d26cb2ca127a40d6f60e6d23aa31bcafbef97423,"Primary account",0,,""
3200475,1721901475,2024-07-25 05:57:55,in,0.000560280627,560280627,,3b30008953524d38eff75cf87573c12ac5a90386eb374d818355603288404564,"Primary account",0,,""
3199639,1721803321,2024-07-24 02:42:01,in,0.000491573487,491573487,,5d297a38da3e2b1272884d83fceff3560d9b38b4ffccd0fb89124db28e3c5202,"Primary account",0,,""
3198881,1721708763,2024-07-23 00:26:03,in,0.000280147752,280147752,,e4f18b3f44f291a5236e906048d7a9e3d4267ed9dd543601d424b7a03d1ac28e,"Primary account",0,,""
3198633,1721679399,2024-07-22 16:16:39,in,0.000561666653,561666653,,c8521f3a98cae9bbf72c0d3d4eab42414488505ab5e1b87fae8a94a3e7abc252,"Primary account",0,,""
3198218,1721632549,2024-07-22 03:15:49,in,0.000564681389,564681389,,f6bbefcab1ac3f4769d88e4f24902a28a2167c3cc2c0d63542a1ac7e863e70b7,"Primary account",0,,""
3197985,1721602702,2024-07-21 18:58:22,in,0.000272620753,272620753,,df448146a61d06e8d6074bb87b91b02cd1bc9ce34da8654b9f019791b7e0f68d,"Primary account",0,,""
3197069,1721491831,2024-07-20 12:10:31,in,0.000277558781,277558781,,895ee6d53fcf5b15de2a70fd7a47c6e213bb7af649e6eafa80bc3258a96bd1dc,"Primary account",0,,""
3195585,1721311054,2024-07-18 09:57:34,in,0.000545015062,545015062,,2896e2dc25338d52310e666dd7a48a500976d42cc047f9b6fedd663d34be5df2,"Primary account",0,,""
3193796,1721097212,2024-07-15 22:33:32,in,0.000262728972,262728972,,24ea177d788af5a43e374ed526d45c082740d17958dbaf2f9ae35dd4df15ac59,"Primary account",0,,""
3193613,1721072990,2024-07-15 15:49:50,in,0.000284449446,284449446,,125f7ed3bf30c3803a0f21e98a96de6b6b1e9948b064cb0f56bd2a242998f660,"Primary account",0,,""
3193292,1721037618,2024-07-15 06:00:18,in,0.000286683173,286683173,,816692010b727834ea75790efbfc01bbb2da8166219fb7be795b9cb844bc82ad,"Primary account",0,,""
3193036,1721007307,2024-07-14 21:35:07,in,0.000271298777,271298777,,eb34320ba8a42ecba4fad7fab68587cb05f3d317336c24679b15129ab90d9831,"Primary account",0,,""
3193029,1721005534,2024-07-14 21:05:34,in,0.000272898326,272898326,,b0354c561db9e8036a512786de23e3568b4dcb246b4f8f0bdbf5119424d594a3,"Primary account",0,,""
3192393,1720929981,2024-07-14 00:06:21,in,0.000550487327,550487327,,f024cd72e8de06743246b83872df394ef25d885368bc7b409da5ce48771e3577,"Primary account",0,,""
3192255,1720908760,2024-07-13 18:12:40,in,0.000826835690,826835690,,b2f1685aed9209b07495b4d64cc8646380eb5f94d72be77c996b604e1d80d87a,"Primary account",0,,""
3192093,1720891442,2024-07-13 13:24:02,in,0.001463278600,1463278600,,c38492b5e452412919d5a8464ef47dad3cc82c476165e8694986b7ea6086c91c,"Primary account",0,,""
3191860,1720866323,2024-07-13 06:25:23,in,0.001424762477,1424762477,,b63125da1a0b072d4a9e6be7c69c379c21fa7575ccc298b06794889a5d6d9d27,"Primary account",0,,""
3189999,1720643175,2024-07-10 16:26:15,in,0.000883850215,883850215,,0511e3895bb14d3e7d920fca4dcca2c8092096a9091e2436f0c19c431fbb9184,"Primary account",0,,""
3189985,1720641137,2024-07-10 15:52:17,in,0.000818251971,818251971,,1b8ea99bff93a01321a593b1738aa958cc9e169df1ba6489b3d863f65ec0d4ab,"Primary account",0,,""
3188583,1720468937,2024-07-08 16:02:17,in,0.000629963138,629963138,,dedcec31f08a4473c7d7ce5cae663df7443ba530fa4306c9d6f21bab9473667a,"Primary account",0,,""
3188231,1720430173,2024-07-08 05:16:13,in,0.000271896461,271896461,,622783a6c9b237c7b5e36a372b8c40dcd786b0f314c584981702a42e3316b67f,"Primary account",0,,""
3187703,1720365603,2024-07-07 11:20:03,in,0.000551604135,551604135,,a4135f69baf63a286804ac48a185502107ef1e11ae7d98f25c01c0981786d4aa,"Primary account",0,,""
3187688,1720364658,2024-07-07 11:04:18,in,0.000547594256,547594256,,779ff9de50543399c298741a81b31ab06286b29d238d7098e088a4796684974a,"Primary account",0,,""
3186198,1720184162,2024-07-05 08:56:02,in,0.000290542866,290542866,,b150d0869f06003d4ab64f23100e4779ea092ee8d1dbeea2f0b2fee09166ed8e,"Primary account",0,,""
3185824,1720136708,2024-07-04 19:45:08,in,0.000600644464,600644464,,8ac5b449c155a70497128a8fbf1ff46726af4f78e659bdb17d295d8192d924ac,"Primary account",0,,""
3185776,1720130092,2024-07-04 17:54:52,in,0.000567673469,567673469,,2471e0014bef348a056e8d80004921d9666369ac5dfcbb3812705ba3e6ee1961,"Primary account",0,,""
3184568,1719984358,2024-07-03 01:25:58,in,0.000822424311,822424311,,ae35298c6a2dc35718582f08994bedacce3006c9f443ff022b71ecfe14764baf,"Primary account",0,,""
3183974,1719913163,2024-07-02 05:39:23,in,0.000279048676,279048676,,f860b987655970f0357055b8d17cffd24a0e45ee96438681df11c92e83473a29,"Primary account",0,,""
3183629,1719871855,2024-07-01 18:10:55,in,0.000291469289,291469289,,5f3d0bd7b7aff442d1bfcee3d5db1e4ed005ca6ea677c0fbf39bdf2aa4fc441c,"Primary account",0,,""
3183177,1719820998,2024-07-01 04:03:18,in,0.000271694076,271694076,,abc822441e1a511e22abbc6ef150a91d9f7b6b30436fa0de40b126931e0608ef,"Primary account",0,,""
3182648,1719757954,2024-06-30 10:32:34,in,0.000275222067,275222067,,ff719aec7ac8389e1bfc3e987dd5c23c4b8ed30cbcf77bef3132a31d50e76252,"Primary account",0,,""
3182440,1719735900,2024-06-30 04:25:00,in,0.000602193859,602193859,,ba9f3342ee154007b3b9c026e5680ec93626e8b6e04ab54e2e1e64406d3513be,"Primary account",0,,""
3182411,1719731470,2024-06-30 03:11:10,in,0.000555328610,555328610,,c8a54b86de959289c8de0f15e7d24fb063a17ee7f81be44d24b3dd2c3a9a61d8,"Primary account",0,,""
3182359,1719726244,2024-06-30 01:44:04,in,0.000823621634,823621634,,5fb729248bad954dd8e93ae0159509083ca751be7bc15fabc297bb2be72dc655,"Primary account",0,,""
3181803,1719657122,2024-06-29 06:32:02,in,0.000561620401,561620401,,52109d4ff75f3cb2b3646d371f33eb1773cfc6396d35517481c57a7358580c17,"Primary account",0,,""
3181668,1719643299,2024-06-29 02:41:39,in,0.000883126141,883126141,,53bacb569489ca06638c25ae39605cec0af972db4e64088ba8d17365c2eefbc2,"Primary account",0,,""
3181655,1719641719,2024-06-29 02:15:19,in,0.001640447762,1640447762,,7fd397894242673d39a59f60f2b30dab4017f2217bf1fdc6357edf3d78e67c13,"Primary account",0,,""
3181564,1719630408,2024-06-28 23:06:48,in,0.001627291290,1627291290,,e308765d4422ed35b1b3ef51df6385bf77b50418c02c7cf6560238e82f6320a1,"Primary account",0,,""
3181315,1719596528,2024-06-28 13:42:08,in,0.001509796493,1509796493,,c62e9e9b2c0975f965c240f1886845c8173cbf42832c9b794029564860b6fa59,"Primary account",0,,""
3180524,1719498876,2024-06-27 10:34:36,in,0.001681940055,1681940055,,d9347a550339436bfed5892073ce85e05786a6247a6b9716ba73470305a69f62,"Primary account",0,,""
3179777,1719408542,2024-06-26 09:29:02,in,0.000548018762,548018762,,19d5d74603b3261eac203ca68b08d8334174eb9996fe3e1251d142e9f8b9e1c8,"Primary account",0,,""
3179458,1719368888,2024-06-25 22:28:08,in,0.000506854027,506854027,,4c286c44d4655ed7db9b587c05f81d917f004997c9de5767be5b3217220a3250,"Primary account",0,,""
3179320,1719352595,2024-06-25 17:56:35,in,0.000863743427,863743427,,0fe24458058ea1bdf8b110a7ebaa033d0262eaba3be1e18f9ae45c595f8ced14,"Primary account",0,,""
3179214,1719340730,2024-06-25 14:38:50,in,0.001105275974,1105275974,,07ccbf9c3b4f12889ac2abf2b3b9903c6bac530a9a26581a63c35d6be30327cb,"Primary account",0,,""
3179050,1719318213,2024-06-25 08:23:33,in,0.001387608911,1387608911,,4fa10165fc33fe399413cc278934892c3c039bfe057867e6d1d3c14f9af604cb,"Primary account",0,,""
3178589,1719261714,2024-06-24 16:41:54,in,0.000541155072,541155072,,d4c2ba809c77ebfe2f2cb03cfa2b68ef98662885cb3d9cb23a238eca434e008a,"Primary account",0,,""
3178387,1719236645,2024-06-24 09:44:05,in,0.000823891870,823891870,,4fd92556c7dba29030906391eb7005c09c38c6d7878b13c84c4f7723a0d348d3,"Primary account",0,,""
3177687,1719152144,2024-06-23 10:15:44,in,0.000281461344,281461344,,9ac844bfe5c7b6a2f77130a8da2a4a30d0ab65f163f472863d3fe26910559e02,"Primary account",0,,""
3177672,1719150931,2024-06-23 09:55:31,in,0.000289871407,289871407,,8c30d642fc51ab8c5c3a35097995e86dc984da20c8b72bfc885f5ff6f0f41f3e,"Primary account",0,,""
3176756,1719037805,2024-06-22 02:30:05,in,0.000528180157,528180157,,0bb779c6b8fa76a78ca2da420533cfe3d815e6bd9757e6762c0a1d39a61fc64f,"Primary account",0,,""
3176727,1719034205,2024-06-22 01:30:05,in,0.000552083252,552083252,,fa52615469032743461c4911444f09e2eb68c4131693487fc9a63220d1a6a96a,"Primary account",0,,""
3176686,1719029237,2024-06-22 00:07:17,in,0.000570611427,570611427,,9030489b0eaec10a13cf011fe1aea75b3399b9921753bac3bddba9d55f4e174f,"Primary account",0,,""
3176029,1718953633,2024-06-21 03:07:13,in,0.001084958268,1084958268,,d48fc2c9bb1e6757ddee6f016bec5ab7c10acc6c11fbcb8b7877782206c50b32,"Primary account",0,,""
3175389,1718878073,2024-06-20 06:07:53,in,0.000772942097,772942097,,932a63a8df0b34855c0e0ecd7c86e184ddd2a754afafe1db35185f125885702b,"Primary account",0,,""
3175047,1718839614,2024-06-19 19:26:54,in,0.000287340647,287340647,,4f84bf6acd6dce5862aa235cac2766c94f610db62fba3a9b27dd90298dbffbbf,"Primary account",0,,""
3174951,1718825762,2024-06-19 15:36:02,in,0.000541367026,541367026,,c272ee7b5b62e875a7192168c70cba651398177226bdf0599061c9bbcc873298,"Primary account",0,,""
3174920,1718822006,2024-06-19 14:33:26,in,0.000568240234,568240234,,7a024b9465a451cf433b5e873b2ef866ded06823d47fc7903373b219ae8f2715,"Primary account",0,,""
3174186,1718727802,2024-06-18 12:23:22,in,0.001076979434,1076979434,,8ae4ff2180f2ed5a6258c9cc0c4c08e672dc57731aa0a9124e639e42ec64437a,"Primary account",0,,""
3173945,1718702062,2024-06-18 05:14:22,in,0.001125455388,1125455388,,85aed0fa03f250a49bed809a32f7c9b3bd431be01be1f479e5078904dbf37126,"Primary account",0,,""
3173764,1718684244,2024-06-18 00:17:24,in,0.000546471707,546471707,,59040df43c215ea631d9ff47bb7266f040a87d7e1f72a0b294e24e20b32beb8c,"Primary account",0,,""
3173174,1718614638,2024-06-17 04:57:18,in,0.001872571690,1872571690,,70228c73948f1587a40691d08bd953d28a3a3e0a9948f7d387bdf0aadd56df15,"Primary account",0,,""
3172773,1718565953,2024-06-16 15:25:53,in,0.001763643717,1763643717,,ab2e6c2f59177c73932be13ff9a30071332effe447bda8a9bcd4830ae7b7f0ee,"Primary account",0,,""
3172432,1718526445,2024-06-16 04:27:25,in,0.000274777164,274777164,,e61aa5efb4a9d435fa9cf9f528e429ad902ccdcebb243bb816fee971b28f8699,"Primary account",0,,""
3171627,1718436013,2024-06-15 03:20:13,in,0.000546608278,546608278,,d0db82d8c9885b29a1f65ae5cdb4a685abc6962660c6b6ea1b83942bee8ec29c,"Primary account",0,,""
3171379,1718402543,2024-06-14 18:02:23,in,0.000223156401,223156401,,3875ed2295b2f3542f65e69493d6b58ea2b62f8f31282b0c451c996e605078fb,"Primary account",0,,""
3171232,1718385767,2024-06-14 13:22:47,in,0.001029996507,1029996507,,c0852824ce951bf526b27decf0fc501b889a160c1faebbc20c34c94604bc03b8,"Primary account",0,,""
3171140,1718375113,2024-06-14 10:25:13,in,0.000825098041,825098041,,b595b7f336b4efd157809469c24cbcc2d9b10f6353c31ae5f0c9cac8b2e2430e,"Primary account",0,,""
3170951,1718351653,2024-06-14 03:54:13,in,0.000287186140,287186140,,a994a43d8a560a34ae38ad2eed09bbf4387719b6edfd217661b30433bffde476,"Primary account",0,,""
3170637,1718311775,2024-06-13 16:49:35,in,0.000555226685,555226685,,b7fcd6684beb6820c49b2ba3be8a418eed3c669febd35eb4f6af39cca03c85f2,"Primary account",0,,""
3170473,1718293606,2024-06-13 11:46:46,in,0.000564590889,564590889,,3d16057c5320a9bf32877e3ef6642655f867d5df8a9c53881a437159a0497ba8,"Primary account",0,,""
3170217,1718265453,2024-06-13 03:57:33,in,0.000282187026,282187026,,248ddb439a38a606ca0da867e223fb61ba67985c1290d7d3fd7e1ac3d8a2e109,"Primary account",0,,""
3169336,1718159380,2024-06-11 22:29:40,in,0.000540656577,540656577,,89100010cc943a80aecd61cfc48dea4285d88f713771bf47497bc33a264b5a42,"Primary account",0,,""
3168850,1718103152,2024-06-11 06:52:32,in,0.000266582107,266582107,,e139b9b34770514559e3a0aab429a793f6226b5a9f4be8c1f9a632a94035612d,"Primary account",0,,""
3167902,1717986044,2024-06-09 22:20:44,in,0.000539165670,539165670,,b762267afd1c2f7952a419c43bee7a0a464da201acc10865b2930f6a6cc021ab,"Primary account",0,,""
3167563,1717948536,2024-06-09 11:55:36,in,0.000922761396,922761396,,817716308a2240fd208e6397ed26352019e4f5686ec4db468b18a0bef8a833e7,"Primary account",0,,""
3167488,1717940359,2024-06-09 09:39:19,in,0.000270432024,270432024,,763197623fb1aa03f298cc8bd1f6474fc129f046f4bd8a29f2ae8d78220a00e6,"Primary account",0,,""
3166542,1717825602,2024-06-08 01:46:42,in,0.000287968250,287968250,,2bb30f25bca3833101076e0eac8fbe794da5dce1f327bc85d14e49bfee9824ea,"Primary account",0,,""
3165682,1717725358,2024-06-06 21:55:58,in,0.000543393859,543393859,,b40f48628a18f1a27bb9bfd9d98bcd5ee932432bb490aaf32e659ef95f828357,"Primary account",0,,""
3165444,1717698013,2024-06-06 14:20:13,in,0.000493560655,493560655,,3fb0e428f4fc0c190cb81f9c0161058553fafb80fea6bcca019d270f000a5580,"Primary account",0,,""
3165278,1717682177,2024-06-06 09:56:17,in,0.000277092913,277092913,,5fc7201a8738443c07442c5837d65df85b2c39f0a590abb6166e297aa8b327ec,"Primary account",0,,""
3165199,1717671835,2024-06-06 07:03:55,in,0.000275614154,275614154,,47b0e1a7d389655324aa777f66546a31f17768edf13e5368a584ef62d3d5d3f8,"Primary account",0,,""
3164838,1717620501,2024-06-05 16:48:21,in,0.000272393821,272393821,,c8c68353ba3d975cd29e546e18473f2acbde6b78975e9074ead6b7b8c759e550,"Primary account",0,,""
3164641,1717596017,2024-06-05 10:00:17,in,0.000280968820,280968820,,5f75451796b10d70b2a18a5c09dc5629e76b9ea101ec5f563a4f5124071f5a9e,"Primary account",0,,""
3163277,1717441881,2024-06-03 15:11:21,in,0.000554604800,554604800,,2022512ba32ebe0b4674fd9ffbc5b277b18d0399e38d1b859716e9314151adfa,"Primary account",0,,""
3162621,1717358626,2024-06-02 16:03:46,in,0.000284397437,284397437,,15889eaa5cf5e9986993311fede9635c03e29907a53c636a6fa257ec6c4122bc,"Primary account",0,,""
3162296,1717323529,2024-06-02 06:18:49,in,0.000281299432,281299432,,f472edd7d0c70ef1245f1643d2be64f79eb97e2032963f91e255622192aacd30,"Primary account",0,,""
3161730,1717256617,2024-06-01 11:43:37,in,0.000336650461,336650461,,98856c3c4dc3065538c3f15a5b50eef0fce1885cdd4cd0ccc276db396cf49e1c,"Primary account",0,,""
3161521,1717232979,2024-06-01 05:09:39,in,0.000278509886,278509886,,8074214c25332c8734efa8f87c9e8a41e0e925060797550c3738f2f75d085c93,"Primary account",0,,""
3161358,1717210496,2024-05-31 22:54:56,in,0.000555804157,555804157,,712881d1e64e5b4a75fd4faacb20f04b0941e0d68ec6f3a3f6cd9500b240379b,"Primary account",0,,""
3161180,1717189414,2024-05-31 17:03:34,in,0.000290500878,290500878,,46411d7f31369012c8b6a4d52621f5aeea44388377a025c176501002e1594130,"Primary account",0,,""
3160897,1717156755,2024-05-31 07:59:15,in,0.000866234232,866234232,,de943ab20371b0fdacac78ce7c18a32d610983aa9af110c84debe7687ef8dc88,"Primary account",0,,""
3160786,1717143948,2024-05-31 04:25:48,in,0.000280573234,280573234,,512cf7c83a8aa0ac897858fa40b4cc8a88e46e77265f84d15296808d6c4a806a,"Primary account",0,,""
3160496,1717108981,2024-05-30 18:43:01,in,0.000800036415,800036415,,e8f8ca4fd7637ced084e59e514bb8269cea91f9b86cbacc58590bb0f2fa237f7,"Primary account",0,,""
3160299,1717082809,2024-05-30 11:26:49,in,0.000826372464,826372464,,e3f87f65b03ea084d4bc89341037bc50a114179b247574345890af3270479f77,"Primary account",0,,""
3160043,1717034089,2024-05-29 21:54:49,in,0.000278064098,278064098,,f8ef279bf03c1e1160e68f17266aa74db7953c5a3d05323930ded89de483eeb2,"Primary account",0,,""
3159374,1716951971,2024-05-28 23:06:11,in,0.000269964692,269964692,,5de0e7dd274260de7449dc19e7c857fe10a1d016a1004e256b0c728fa8980488,"Primary account",0,,""
3159001,1716908073,2024-05-28 10:54:33,in,0.000272302517,272302517,,c348a75323d239d51871afe7fac5e0006a0c407470c5b035dd431aaa99a82312,"Primary account",0,,""
3158809,1716889531,2024-05-28 05:45:31,in,0.000540598371,540598371,,73b8d0530dd9959e36230bcdd09013469bb68a0536aef0b78e62c3fe1a38766c,"Primary account",0,,""
3158524,1716855527,2024-05-27 20:18:47,in,0.000294487101,294487101,,e23551d24109e53f80a59fdabac76ccf1798b080fbde330951d23fda0f2341d2,"Primary account",0,,""
3157900,1716780088,2024-05-26 23:21:28,in,0.000846304407,846304407,,7b1b5db7cfc6c799a74664a33406ffd4c8ec519dc51e47d8082f30375fe0102f,"Primary account",0,,""
3157878,1716777143,2024-05-26 22:32:23,in,0.000564927501,564927501,,78797540f4366cbebb2f0ee9939dd28260c014b4b68d83a4fdbf44a29bf7dcea,"Primary account",0,,""
3157503,1716732811,2024-05-26 10:13:31,in,0.000270146808,270146808,,1b6e07b561bfa2ef62fc5dd8a0dfa93cc20195c908924d7300a81d07682ff259,"Primary account",0,,""
3157359,1716716609,2024-05-26 05:43:29,in,0.000273089048,273089048,,6f13dc9b7ad4a6a198bc7cdea5b2f23e8f91be9053b1077367a2c0cc5001a2b7,"Primary account",0,,""
3156619,1716631337,2024-05-25 06:02:17,in,0.000268489909,268489909,,b5af127b4eb86761a7b53fec7299421754cc620879e9995fccb706c74b1874c3,"Primary account",0,,""
3156465,1716614620,2024-05-25 01:23:40,in,0.000265733095,265733095,,6ae8045a08e5d415861e06858b78bdfa492ef6155b8c6328ade3859350c2a6c2,"Primary account",0,,""
3155940,1716546059,2024-05-24 06:20:59,in,0.000538169290,538169290,,6bc71c760e8aaef39134a11bededc6aff035971be4a4713e67d6438adf56e6c6,"Primary account",0,,""
3155894,1716540632,2024-05-24 04:50:32,in,0.000901355779,901355779,,addda2f235217652b7307ab69d9f2cbde610e631bf0d554d6cc17afb1c045acc,"Primary account",0,,""
3155887,1716539171,2024-05-24 04:26:11,in,0.000803168410,803168410,,746fe1d8f7cbb2ce76adf87232932815069b62c265c6f3fd1d068616c3e54c1a,"Primary account",0,,""
3155502,1716493796,2024-05-23 15:49:56,in,0.000547731992,547731992,,195e121d98b91ce52063d85c4f217bd4e2f9ff5ea1b07f9cf8e0c5852c257934,"Primary account",0,,""
3155117,1716447955,2024-05-23 03:05:55,in,0.000823650049,823650049,,d470daf8f2d7927c3cb96342f5e23807605e6e59ec9813e393d8ba9bd0fe76d1,"Primary account",0,,""
3154849,1716414952,2024-05-22 17:55:52,in,0.000278006916,278006916,,cf0b1173cfa167af6065bdabc1834e013510d8af7cb4834cd0ec4329d91dbdc3,"Primary account",0,,""
3154847,1716414591,2024-05-22 17:49:51,in,0.000283166043,283166043,,3951e27c2af6eb1324c8ff707c1e971ace6983bd6bc9679ed10b489314cc395b,"Primary account",0,,""
3154811,1716410321,2024-05-22 16:38:41,in,0.000291303707,291303707,,3ed0adcb88eb6e3652c768742815e6dc019513260af195f44b63fd6fa41c46a0,"Primary account",0,,""
3154457,1716368000,2024-05-22 04:53:20,in,0.000595463683,595463683,,fd866508073b6cd17bb6a4828ecb82b93ceb503546a66f6f202ee324658a6fe4,"Primary account",0,,""
3154210,1716335575,2024-05-21 19:52:55,in,0.000631541956,631541956,,cb3b92fc13adeaf91511ca8104dcd467f26cfdccb75ecde903bd2bece716dc61,"Primary account",0,,""
3153698,1716278036,2024-05-21 03:53:56,in,0.000268893428,268893428,,3fc662c5f1f05f4d66b24adbc375cb4811196188bf321f066cf8514354791ea5,"Primary account",0,,""
3153149,1716211439,2024-05-20 09:23:59,in,0.000265556176,265556176,,ab9e6e939a7eec5b1495f5986a89494a9e8106c9b095941b285e0754e3043da7,"Primary account",0,,""
3152692,1716156437,2024-05-19 18:07:17,in,0.000539301176,539301176,,a2a2b3350bc9f0327c2ec254f3bf31ec81dbc35b0e255795328e6b3b041479f5,"Primary account",0,,""
3152684,1716154998,2024-05-19 17:43:18,in,0.000591236123,591236123,,185d36dd464aa8b5fef9f08357019e19649b2b37f7411ce298f8836ef75c4b39,"Primary account",0,,""
3151589,1716027267,2024-05-18 06:14:27,in,0.000545694786,545694786,,ff1cf35628f21feb12d27b5d74ba077cffd388130c0d1172a653c50950c99fb1,"Primary account",0,,""
3151309,1715991757,2024-05-17 20:22:37,in,0.000821731306,821731306,,e7bb97da2fd356f4f0e5023a885183f5e6e23ed93e71f13e1ba0b891e2d782d8,"Primary account",0,,""
3150930,1715946074,2024-05-17 07:41:14,in,0.004621029345,4621029345,,24eba98972d1268f764483e618f6cf8ab05602473ecce33ae1a69c81817f9e6f,"Primary account",0,,""
3150919,1715944855,2024-05-17 07:20:55,in,0.007549796872,7549796872,,b80b2c855aa7753d4daabd2308c1bfc5ffe3369d07101f0b6f31b5aa4ea8803d,"Primary account",0,,""
3150909,1715944363,2024-05-17 07:12:43,in,0.007999543966,7999543966,,899c18936a006178ec6b39dfaa8ebbbea78eb69a8d81aaa8c75ae9d3d58cc7bf,"Primary account",0,,""
3150900,1715943368,2024-05-17 06:56:08,in,0.009170880608,9170880608,,33f8747ddbd3313d895363510def5db6d13483a9465ad414398cb63a9a2d6661,"Primary account",0,,""
3150890,1715942698,2024-05-17 06:44:58,in,0.000541163769,541163769,,cd74adab686085d779600bb9eaed0c9e51bf8bab99d7ba8c3e3ed3ac48ae397a,"Primary account",0,,""
3150880,1715941645,2024-05-17 06:27:25,in,0.004626203285,4626203285,,2bda7be632a0075ac2fcd5e5278baf196e381c106e65947c16129338b3fe8a24,"Primary account",0,,""
3150876,1715941410,2024-05-17 06:23:30,in,0.003059267464,3059267464,,e8ad0e4532d61dc0e228ea2359f084bb9963bea44aff90b0db7f2a07d113d0bc,"Primary account",0,,""
3150814,1715933736,2024-05-17 04:15:36,in,0.000295868872,295868872,,e98293fe6bc989f0c7694e2e41f0debe805d359147eb44b05a479aa75a6c4bd2,"Primary account",0,,""
3150320,1715876260,2024-05-16 12:17:40,in,0.000764504424,764504424,,cf24e9287547f769e176aa2532585f21d4256909ac4bbccf38d6e3d15b2a0be9,"Primary account",0,,""
3145932,1715353527,2024-05-10 11:05:27,in,0.000287295028,287295028,,5cb87776ae7ce60a0d69368e5dd88a9f478e379dfa4ffbf7e31c6a42ead0dd49,"Primary account",0,,""
3145868,1715346032,2024-05-10 09:00:32,in,0.000282049973,282049973,,57477c2a8e0f09a2df6195022063205923161c95206a13071b5684090ad416c2,"Primary account",0,,""
3144737,1715211367,2024-05-08 19:36:07,in,0.000259299248,259299248,,ee27f11624b06d0f96bf2ad03e6f41a28bc366474137f8278bab9262e7eb55f8,"Primary account",0,,""
3142991,1714995373,2024-05-06 07:36:13,in,0.000280396075,280396075,,27a092450551f3a69988064d17474311bbf3c08ad6b707714f142e8f26bc3333,"Primary account",0,,""
3142887,1714983761,2024-05-06 04:22:41,in,0.000547551209,547551209,,fe8e7bf8572a970417ecbe4d9f1edc858f77cc2d9ae1acc5e82bcf598738877b,"Primary account",0,,""
3142877,1714982317,2024-05-06 03:58:37,in,0.000550159011,550159011,,028a9967d1c41abfb684d78ef42f2b1a4fa690cc44130cdacffe0b2e1e3937b7,"Primary account",0,,""
3142185,1714900715,2024-05-05 05:18:35,in,0.000550225261,550225261,,a750b0faea54cc9e1c4d4974d3f959424ce74e4c05f19b9ca6ba2b3917c38d18,"Primary account",0,,""
3141147,1714772328,2024-05-03 17:38:48,in,0.000266581911,266581911,,f4da1020fcd0dee9ce289dcfc1fa14fb236771d66553cf535e906f4bb02a7834,"Primary account",0,,""
3141132,1714770448,2024-05-03 17:07:28,in,0.000264914696,264914696,,f76f590f6fabe21cd25681057bd09616e033ea54e2fd3da027a30fc0d053a1be,"Primary account",0,,""
3140127,1714655407,2024-05-02 09:10:07,in,0.000398824993,398824993,,07281dca7722ba8b168f9c30dfbeedf1ffc77366a440ec42c68328405d51ead1,"Primary account",0,,""
3138410,1714447230,2024-04-29 23:20:30,in,0.000280481604,280481604,,91eda3c91d7f7971999e7eef47fce0c5f836265d4fbef51414270140698c48ee,"Primary account",0,,""
3138408,1714446945,2024-04-29 23:15:45,in,0.000274631966,274631966,,e22ef3bf62d74bd01838eb98dae1a4623987e0104ace7b25cc85c788433ab52b,"Primary account",0,,""
3138269,1714429961,2024-04-29 18:32:41,in,0.000539944480,539944480,,a9cb47fefb84c5392925da43493a3a6063938cb368aeb5f73dd3dc9423c3516e,"Primary account",0,,""
3138061,1714404776,2024-04-29 11:32:56,in,0.000810465497,810465497,,a8bc0ac2a12fc6fcfcc757e7e910c72070da272dc3a66760b4fcf30731cfd73e,"Primary account",0,,""
3136258,1714189337,2024-04-26 23:42:17,in,0.000272534283,272534283,,f32f1dd7a1c787d6b932501efe7e3ee2ec961e2f32ab730b0e91d2a238bb101f,"Primary account",0,,""
3136189,1714181361,2024-04-26 21:29:21,in,0.000272025838,272025838,,747e8bdf992e958d82aa4bd0fcc141372896536ca53077fe35c5347b7409effa,"Primary account",0,,""
3136059,1714163887,2024-04-26 16:38:07,in,0.000536437348,536437348,,17076bf559cec67e6cc0d67b1b9dae9ad31396767e13faaf3c87a715f03593bc,"Primary account",0,,""
3134961,1714036578,2024-04-25 05:16:18,in,0.000878261030,878261030,,7946d331639748d4f324b0712324a6732684683d2357cf0f0eca50de04643110,"Primary account",0,,""
3133548,1713865716,2024-04-23 05:48:36,in,0.000567294705,567294705,,d4a3faaa2c5dea893ea276b6dc76077d224b4c6249be2f33239b0960fe8a1e5b,"Primary account",0,,""
3133409,1713847526,2024-04-23 00:45:26,in,0.000579601481,579601481,,781899858ced130aa3d82d6fddd85198b88e6e2c3347bd6236d4863154b82f18,"Primary account",0,,""
3132730,1713767740,2024-04-22 02:35:40,in,0.000538474664,538474664,,1438821b3307bc87cb27a5a8144e6b2f3e46578a12db806a21b1b04540028a36,"Primary account",0,,""
3132612,1713753627,2024-04-21 22:40:27,in,0.000274522453,274522453,,9882b65e276d65d98050c41de8ef82a022070096b2a1088df98b23ebe440132f,"Primary account",0,,""
3132078,1713686478,2024-04-21 04:01:18,in,0.000546751855,546751855,,142b08c519757202991efcd25d611342d0241331ac1257fa8682b5b9ce3d633d,"Primary account",0,,""
3131942,1713670367,2024-04-20 23:32:47,in,0.000278375355,278375355,,6cfbd8ad22588af3d0362483355954c4c7cab506de9734a56818d7b4fc76b896,"Primary account",0,,""
3131913,1713667645,2024-04-20 22:47:25,in,0.000272760137,272760137,,bcc52724dd660801acaa30fd03020b21d0f8faa2ace83c0e1de76b1136e2de0c,"Primary account",0,,""
3131581,1713628284,2024-04-20 11:51:24,in,0.000551742945,551742945,,627ac857862a74dcba5d137a8859127cbb8ae69e01dff182a866ba3ae14083e9,"Primary account",0,,""
3131566,1713626704,2024-04-20 11:25:04,in,0.000533881562,533881562,,af9eebc66efe8f71f8a61fe6fe5689be5afee5d0a4c653fde013129cb99c8755,"Primary account",0,,""
3128836,1713297442,2024-04-16 15:57:22,in,0.000768128992,768128992,,962fa0a11014ef86cc0013e5b0c6e3903c7778048a63eaad7cef67c3146c6ee8,"Primary account",0,,""
3128245,1713226661,2024-04-15 20:17:41,in,0.000339254075,339254075,,5fe6d04c64b8fb1f4a4dce5f9a0b3f30214955f4bd5ba31a1ede0f6a2d0d11b7,"Primary account",0,,""
3121576,1712428517,2024-04-06 14:35:17,in,0.000278035215,278035215,,61ff852861650538d7adb2c0c5eabbcec31727c3458c5959ef29bcfea1d6f588,"Primary account",0,,""
3121558,1712425526,2024-04-06 13:45:26,in,0.000299128301,299128301,,59aeb4831d05eb04d1d7abc3fa77a764bcb4985652a5606c843de3ef4e2e15f4,"Primary account",0,,""
3112774,1711368530,2024-03-25 08:08:50,in,0.000529724407,529724407,,723de8a7a892693cfeaf1d11c9c61e49ce0894646ec85a7882823477012b3eae,"Primary account",0,,""
3112241,1711304425,2024-03-24 14:20:25,in,0.000481188203,481188203,,1dce7a371db5cf7a030b7857c5b25b48206a437c7b64ae01f42ca7b112984bba,"Primary account",0,,""
3111798,1711253689,2024-03-24 00:14:49,in,0.000286663216,286663216,,94dd9b250afa5c1775198bfd2535eb1c8f0f453259ed0c84612049d85efca359,"Primary account",0,,""
3111724,1711242364,2024-03-23 21:06:04,in,0.000296854325,296854325,,ed5645f74e6aa384e0a0bb06077f3a063b5e9bc8ecb810a7d51c3eb793627878,"Primary account",0,,""
3111321,1711194124,2024-03-23 07:42:04,in,0.002724012410,2724012410,0.000067680000,5728a5fc0f20087556f8ff33e784be7700017d1f1b24df70ab7ac1f69b62b85a,"Primary account",0,,""
3109797,1711013973,2024-03-21 05:39:33,in,0.012802020866,12802020866,0.000071520000,3826675d921270c07e7c70bf6a3b9f7b88e5e119849ad08e4140b2a626d901c6,"Primary account",0,,""
3112794,1711371308,2024-03-25 08:55:08,in,0.000527700368,527700368,,af9953c530cfc18081e82c066e163162462fa77c7eb144b2aee62fcc7e8f2ecb,"Primary account",0,,""
3112830,1711375390,2024-03-25 10:03:10,in,0.000261106796,261106796,,2fdc7aa653a5464275651300e63b46ceef0192829c17f2b769c15b570e57a383,"Primary account",0,,""
3112834,1711375856,2024-03-25 10:10:56,in,0.000267978874,267978874,,789ef9a1e582de171cba703453aeb8c0c3d1486af95ae84abd8372122e61b35b,"Primary account",0,,""
3112958,1711391816,2024-03-25 14:36:56,in,0.000269692788,269692788,,98f082d0fd35b4cff5558bd2e54256271077056c1ab962ff24284301216eb4c1,"Primary account",0,,""
3113190,1711421950,2024-03-25 22:59:10,in,0.000588106869,588106869,,2a5281f413a3b27de6a9973883473c2a787e91c8349b38ffda66a8dd90ef4862,"Primary account",0,,""
3113276,1711430650,2024-03-26 01:24:10,in,0.000274605515,274605515,,87cd40216b57d690f46765e0cead4123db548854e69090b37b072937934da993,"Primary account",0,,""
3113644,1711472764,2024-03-26 13:06:04,in,0.000263244790,263244790,,44be7ed7a56f320c37fb64f3fbefa6d5f662509d280d482be962d94b6ce1bd08,"Primary account",0,,""
3113978,1711513113,2024-03-27 00:18:33,in,0.000267351558,267351558,,0d7e4169039f94a75f4a023311e0be6303d1c74c1e7e60d5f92cc2a93f0c3684,"Primary account",0,,""
3114611,1711588911,2024-03-27 21:21:51,in,0.000274056402,274056402,,e169099919ee8dbc747a230f518c3ae074cee16d6700ca41b3a06f38aaf046f7,"Primary account",0,,""
3114866,1711621771,2024-03-28 06:29:31,in,0.000270561326,270561326,,fbed4736ea526bfc8ceb467671ec8e14d7517eb3e711295c41bf21d7d13eb1e5,"Primary account",0,,""
3115211,1711658661,2024-03-28 16:44:21,in,0.000826652847,826652847,,b4e1ed22da7d7d7162145f700b8a91782de9abc6a79a0ffbf4fc4c28a9b94048,"Primary account",0,,""
3115367,1711678192,2024-03-28 22:09:52,in,0.000557613666,557613666,,6d75f3b0fa891284e637b85e4d2b2c1cf11802a650c10eb17bb93ef912924167,"Primary account",0,,""
3115427,1711686199,2024-03-29 00:23:19,in,0.000537649969,537649969,,7dfda0120d21fa2ecdac16bf94595cb14d92443a9901eab2115fb8993564ea05,"Primary account",0,,""
3115987,1711752399,2024-03-29 18:46:39,in,0.000310281394,310281394,,e596059d8df93640781fb30f9cc566e8d86281a278215ca80a9262e5f1d445be,"Primary account",0,,""
3116800,1711857727,2024-03-31 00:02:07,in,0.000277700977,277700977,,5bd6bcff7c1a9c68cec28bbc9e15b955c573a5b040b89453fbd4246c6f9759be,"Primary account",0,,""
3118707,1712084394,2024-04-02 14:59:54,in,0.000562098932,562098932,,9a13d39fc8664f9ae3f33b4bfaffaa0f897367a086b479092afe6278d1316663,"Primary account",0,,""
3119610,1712186974,2024-04-03 19:29:34,in,0.000549442097,549442097,,cefe7a7bb2d7248e9f59a323bfc64921839408fe4ec6f12d8eaa302757be1711,"Primary account",0,,""
3119781,1712210220,2024-04-04 01:57:00,in,0.000276221655,276221655,,3a6762ce355927c66fa9ae66c734c18a326ff87e83e58c2989cf5f7cd688f696,"Primary account",0,,""
3120078,1712246011,2024-04-04 11:53:31,in,0.000743677104,743677104,,0dfadf8fde4a9864f0dd99b24a47563a3b3bf4699d4191574b45f8d40fe1d2a7,"Primary account",0,,""
3120480,1712295321,2024-04-05 01:35:21,in,0.000212314253,212314253,,e2d2b4f0b6ea42ff4fe4362d3046869f274039bc0dcb0840d1d96d7b888039bc,"Primary account",0,,""
3120548,1712304828,2024-04-05 04:13:48,in,0.000474598149,474598149,,c50dc03534f3a35824e930cd87fadf09636c3c778488acdbc117054ff4d0c278,"Primary account",0,,""
3121014,1712359736,2024-04-05 19:28:56,in,0.000287750823,287750823,,a1bbafe5ef49edcff692717139b54cfa308813abcce13602042bea406074247d,"Primary account",0,,""
3121703,1712443500,2024-04-06 18:45:00,in,0.000270762974,270762974,,7344a941b24c568555f624b76c6416d6bb521802cb4737a1e5b96322190ce337,"Primary account",0,,""
3121856,1712464402,2024-04-07 00:33:22,in,0.000262486172,262486172,,1e19a19f4c82e1d8fe79afe4041255d4b9d5e5555fa8c5c698bdd96f09c1ee92,"Primary account",0,,""
3121913,1712472223,2024-04-07 02:43:43,in,0.000267317542,267317542,,97a41989a0df887691fb3004985223a0765a3b7fb9a687a3cf9eb181e2561059,"Primary account",0,,""
3122000,1712480909,2024-04-07 05:08:29,in,0.002248589943,2248589943,,9ce61dc809d28823508e72d0df6b149c2acdfa6e8c91a11e0f7169f4d7421e22,"Primary account",0,,""
3122014,1712482390,2024-04-07 05:33:10,in,0.002272773060,2272773060,,e541f2628befcce674803cb9cd960b847b7a5f74d47eb62651151acf81430c29,"Primary account",0,,""
3124131,1712731776,2024-04-10 02:49:36,in,0.001718385169,1718385169,,936bf985c467d924cd9c89e9b8820bdcdd954218b03dd026b83d4a169f7666ea,"Primary account",0,,""
3127006,1713080192,2024-04-14 03:36:32,in,0.000481177152,481177152,,aeae053f531bf3509d28556a826f443beaaaf68eb8354cec1b95d4932fa62aea,"Primary account",0,,""
3127115,1713095745,2024-04-14 07:55:45,in,0.000812032307,812032307,,9e271bd18d87b1fc19424ccf0dc22e891425d3d5ca6e9811cbd1939439e16751,"Primary account",0,,""
3127222,1713105851,2024-04-14 10:44:11,in,0.000813103586,813103586,,cdd9be80b7e921f3e7b23780f67ee0b84052b46d9588b016574c9cb39d079743,"Primary account",0,,""
3127329,1713117580,2024-04-14 13:59:40,in,0.000442430126,442430126,,78967737365202c30eb149c055f29e274848716e4a2b9c1af3fcd151c9e62917,"Primary account",0,,""
3128992,1713315756,2024-04-16 21:02:36,in,0.000336419171,336419171,,958fdbd94d767b4369799d77d52a6c655652f7bc565409cde4710462c6e562e3,"Primary account",0,,""
3129573,1713384853,2024-04-17 16:14:13,in,0.000292687140,292687140,,96db2a63c5839a97d68c0f0a5bf5c554627a1ed8750d787b176de1c4914d1df9,"Primary account",0,,""
3130387,1713487382,2024-04-18 20:43:02,in,0.000264097309,264097309,,776e014f0533829f9dcea1dd18b2be621bf93176d40993f8a875c820d355105e,"Primary account",0,,""
3132373,1713721512,2024-04-21 13:45:12,in,0.000269990992,269990992,,fec77752052fe4c11097e3b9229164b0f75e178b84c8de365910e356679129af,"Primary account",0,,""
3132453,1713731046,2024-04-21 16:24:06,in,0.000574021383,574021383,,862e877662a80a7ddf3d910a045734055cdf46fb0c8d579d9212e80d967e4e46,"Primary account",0,,""
3132868,1713783895,2024-04-22 07:04:55,in,0.000293390211,293390211,,9639f91ab250d3b3e65d585cc426fb759ee786908612d6b06c7552a2e89bc688,"Primary account",0,,""
3133790,1713893268,2024-04-23 13:27:48,in,0.000585999212,585999212,,b4eded6f2044573c3a2fae1e50b1c4855a052fd90cbf4a176d78879a9e4a529c,"Primary account",0,,""
3134219,1713946756,2024-04-24 04:19:16,in,0.000753795199,753795199,,105791d0f35eb7252cbea101f2bcc62106b1196592500329bc804b94cee3f1ae,"Primary account",0,,""
3134342,1713962811,2024-04-24 08:46:51,in,0.000488339040,488339040,,d7deb60b636b337c60163575ff238c62415918efc2042f96d4b67ae4a146ba6e,"Primary account",0,,""
3135199,1714062134,2024-04-25 12:22:14,in,0.000272849943,272849943,,fca28bf91c27f2e25e8107ed3a98941596922c19d0d3d36e31c4a525efada019,"Primary account",0,,""
3136601,1714229597,2024-04-27 10:53:17,in,0.000554119915,554119915,,51db04e53b1ed3b1784720e9f56b8ef476700aef7e78046b4f8d7d1e4dea69c1,"Primary account",0,,""
3137141,1714293254,2024-04-28 04:34:14,in,0.000273331767,273331767,,386885a45bccc34ad873e0ad1315b64265f490b3cc4b52e4d5f07b18522f2409,"Primary account",0,,""
3137525,1714340923,2024-04-28 17:48:43,in,0.000817615062,817615062,,89570d9d70f05ed69e179680b44afb0b1e2828ac9772539c0d55a4d2b3c4fe66,"Primary account",0,,""
3139800,1714614350,2024-05-01 21:45:50,in,0.000271098398,271098398,,8a342f4a93f4894b528a794353ac71f0401a7f2842abc2b8ade42ef43b2c5450,"Primary account",0,,""
3142467,1714935089,2024-05-05 14:51:29,in,0.000568805640,568805640,,cc3f779f6de7e836554fc3a1ca7a26a7a61e991ad1d5a9bb51ce66e52012f648,"Primary account",0,,""
3143290,1715030990,2024-05-06 17:29:50,in,0.000830730474,830730474,,f9aaa345d256feb167a08c89b683d4992b5c9e4f2232f9d2510550cccd539457,"Primary account",0,,""
3143437,1715051028,2024-05-06 23:03:48,in,0.000533198799,533198799,,a1cca58deeda3871467aaa6798f7afb017d056aac685a7d76d3b80712bdbb616,"Primary account",0,,""
3143594,1715071074,2024-05-07 04:37:54,in,0.000274453160,274453160,,54aa54e81cb5a38f6f63ac945027a17b244dbf77c4dd1399ac6e6b38675cd7e6,"Primary account",0,,""
3143622,1715074337,2024-05-07 05:32:17,in,0.000287591208,287591208,,15c09c96dc0ba03d71b60d94ddc0fee54c08b71b6eb6feca79e1e15eabf0a1c3,"Primary account",0,,""
3144607,1715194406,2024-05-08 14:53:26,in,0.000317889581,317889581,,826c2b85ea63f15bdfdd41b4464e7322ffc5ffd918ec92534322cf8f49c6997d,"Primary account",0,,""
3146923,1715470205,2024-05-11 19:30:05,in,0.000261599655,261599655,,0a8693df5d27c4cd3b2d337461076c39d8e24084d88fe8080c823fd3d8aaed0e,"Primary account",0,,""
3147721,1715559876,2024-05-12 20:24:36,in,0.000809948482,809948482,,8e171c4195df070ccc1a09b2349e22f76b59edd4220e51e0c771765169ca2515,"Primary account",0,,""
3147803,1715571468,2024-05-12 23:37:48,in,0.000929011270,929011270,,19fd93ea11bba06e61fbd0d1b03c07699c08417f29882d15c31a70d061261147,"Primary account",0,,""
3148288,1715629854,2024-05-13 15:50:54,in,0.000265643423,265643423,,4f2e07db8c0a7990a64dccf4181709b1144731d2e8edd36f2447a4a20408d098,"Primary account",0,,""
3148760,1715688117,2024-05-14 08:01:57,in,0.000821394713,821394713,,6567b64de535a71aa852775417b41b3af6b3a4da43e5c14f5bef5dea64166f36,"Primary account",0,,""
3148816,1715694959,2024-05-14 09:55:59,in,0.000804016243,804016243,,2acaa7e561d042cb446787d651131b36c8e862694e19c9991a2476abaf665dc6,"Primary account",0,,""
3148829,1715696251,2024-05-14 10:17:31,in,0.000529173678,529173678,,8b1b2958d25d4b76c8fd4e55e416eb9d7a65110a19f8fd1562d0e15b98c08edb,"Primary account",0,,""
3149438,1715768136,2024-05-15 06:15:36,in,0.000269370870,269370870,,96b5e662ff6dbbe948f569a270543bde8653fab935c78dcef483e3022401faf1,"Primary account",0,,""
3149448,1715769234,2024-05-15 06:33:54,in,0.000270464767,270464767,,d9f92e1b9d9d154e04085f12ead2be6639c1703c1de488ee4dcc84dc9008b247,"Primary account",0,,""
3258711,1728886364,2024-10-14 02:12:44,in,0.000604616222,604616222,,de7d4e9877616c37d4ab272acb11de332ef48cc76c05a5014ca44df8d20233d9,"Primary account",0,,""
3258828,1728901048,2024-10-14 06:17:28,in,0.000275569936,275569936,,279e7ab2060097841845400c3f61d8367b5fb90d22aa9b6f342ed2ff764590f9,"Primary account",0,,""
3259630,1728997008,2024-10-15 08:56:48,in,0.000274836481,274836481,,a787ddb8f4602242c5edda2476447771132e206658b54495f492b6c7947fb921,"Primary account",0,,""
3260973,1729157487,2024-10-17 05:31:27,in,0.001081156950,1081156950,,026bac6e29ea76759cf1a534b36f0ba77be19be0bf354707da5c17170d57cf82,"Primary account",0,,""
